dislike,DALLE (3).png
dislike,DALLE (7).png
dislike,DALLE.png
dislike,DALLE (10).png
dislike,DALLE (6).png
dislike,DALLE (15).png
dislike,DALLE (8).png
dislike,DALLE (3).png
like,DALLE (17).png
dislike,DALLE (8).png
dislike,DALLE.png
dislike,DALLE (10).png
dislike,DALLE (12).png
like,DALLE (13).png
dislike,DALLE (9).png
dislike,DALLE (10).png
dislike,DALLE (10).png
dislike,DALLE (7).png
dislike,DALLE (7).png
like,DALLE (14).png
like,DALLE (6).png
dislike,DALLE (1).png
like,DALLE (2).png
dislike,DALLE.png
dislike,DALLE (3).png
like,DALLE (14).png
like,"6.png""}"
dislike,"5.png""}"
like,"12.png""}"
like,送张判官赴河西_沙平连白云，蓬卷入黄云。_1.png
